case_id,witness_size,participating_authorities,public_matrix_bytes,cold_support_unique_object_bytes,request_bytes,experimental_payload_bytes,proposed_token_bytes,cold_input_total_bytes_including_request_and_payload,per_attribute_ML_DSA_44_token_bytes,periodic_ML_DSA_44_token_bytes,status_refresh_new_object_bytes,root_refresh_new_object_bytes
XD_K01,1,1,487424,499244,279,28,78522,578073,2549,2544,3208,493747
XD_K02,2,2,974848,993967,443,28,78522,1072960,4977,2544,6040,987118
XD_K04,4,4,1949696,1983413,771,28,78522,2062734,9833,2544,11704,1973860
XD_K08,8,8,3899392,3962305,1427,28,78522,4042282,19545,2544,23032,3947344
XD_K16,16,16,7798784,7920124,2753,28,78522,8001427,38969,2544,45702,7894347
XD_K32,32,32,15597568,15835772,5409,28,78522,15919731,77817,2544,91046,15788363
XD_K33,33,33,16084992,16330500,5575,28,78522,16414625,80245,2544,93880,16281739
XD_K48,48,48,23396352,23751420,8065,28,78522,23838035,116665,2544,136390,23682379
XD_K64,64,64,31195136,31667068,10721,28,78522,31756339,155513,2544,181734,31576395
SINGLE_K01,1,1,487424,499244,279,28,78522,578073,2549,2544,3208,493747
SINGLE_K08,8,1,3899392,3935349,1427,28,78522,4015326,19545,2544,23032,3929572
SINGLE_K16,16,1,7798784,7862836,2746,28,78522,7944132,38969,2544,45688,7856739
SINGLE_K32,32,1,15597568,15718452,5386,28,78522,15802388,77817,2544,91000,15711715
SINGLE_K33,33,1,16084992,16210708,5551,28,78522,16294809,80245,2544,93832,16203931
SINGLE_K48,48,1,23396352,23575348,8026,28,78522,23661924,116665,2544,136312,23567971
SINGLE_K64,64,1,31195136,31430964,10666,28,78522,31520180,155513,2544,181624,31422947
FW64_J01,64,1,31195136,31430964,10666,28,78522,31520180,155513,2544,181624,31422947
FW64_J02,64,2,31195136,31432392,10666,28,78522,31521608,155513,2544,181624,31423063
FW64_J04,64,4,31195136,31437808,10666,28,78522,31527024,155513,2544,181624,31425855
FW64_J08,64,8,31195136,31451200,10666,28,78522,31540416,155513,2544,181624,31433999
FW64_J16,64,16,31195136,31480635,10694,28,78522,31569879,155513,2544,181680,31452938
FW64_J32,64,32,31195136,31541953,10712,28,78522,31631215,155513,2544,181716,31493264
FW64_J64,64,64,31195136,31667068,10721,28,78522,31756339,155513,2544,181734,31576395
